#,Position,Seniority Tier,Connection Sent Date,Accepted?,Follow-up Sent Date,Response,Call Booked?,Call Completed?
1,Senior Data Engineer,Senior DE,5/15/2026,Y,5/20/2026,Yes,N,N
2,Senior Data Engineer,Senior DE,5/15/2026,,,,,
3,Senior Data Engineer,Senior DE,5/15/2026,Y,5/18/2026,Yes,,
4,Senior Data Engineer,Senior DE,5/15/2026,Y,5/18/2026,,,
5,Senior Data Engineer,Senior DE,5/15/2026,,,,,
6,Senior Data Engineer,Senior DE,5/15/2026,,,,,
7,Senior Data Engineer,Senior DE,5/15/2026,,,,,
8,Senior Data Engineer,Senior DE,5/15/2026,,,,,
9,Senior Data Engineer,Senior DE,5/15/2026,Y,5/18/2026,,,
10,Senior Data Engineer,Senior DE,5/15/2026,,,,,
11,Senior Data Engineer,Senior DE,5/15/2026,Y,5/19/2026,,,
12,Senior Data Engineer,Senior DE,5/15/2026,,,,,
13,Senior Data Engineer,Senior DE,5/15/2026,Y,5/27/2026,Yes,,
14,Senior Data Engineer,Senior DE,5/15/2026,,,,,
15,Senior Data Engineer,Senior DE,5/15/2026,Y,5/18/2026,Yes,Y,Y
16,Senior Data Engineer,Senior DE,5/15/2026,,,,,
17,Senior Data Engineer,Senior DE,,,,,,
18,Senior Data Engineer,Senior DE,5/15/2026,Y,5/18/2026,,,
19,Senior Data Engineer,Senior DE,,,,,,
20,Senior Data Engineer,Senior DE,5/15/2026,,,,,
21,Senior Data Engineer,Senior DE,5/15/2026,,,,,
22,Senior Data Engineer,Senior DE,5/15/2026,Y,5/20/2026,,,
23,Senior Data Engineer,Senior DE,5/15/2026,Y,5/18/2026,,,
24,Senior Data Engineer,Senior DE,5/15/2026,,,,,
25,Senior Data Engineer,Senior DE,5/15/2026,,,,,
26,Senior Data Engineer,Senior DE,,,,,,
27,Senior Data Engineer,Senior DE,5/15/2026,,,,,
28,Senior Data Engineer,Senior DE,5/15/2026,Y,5/18/2026,Yes,,
29,Senior Data Engineer,Senior DE,5/15/2026,,,,,
30,Senior Data Engineer,Senior DE,5/15/2026,,,,,
31,Senior Data Engineer,Senior DE,5/15/2026,,,,,
32,Senior Data Engineer,Senior DE,5/15/2026,,,,,
33,Senior Data Engineer,Senior DE,5/15/2026,,,,,
34,Senior Data Engineer,Senior DE,5/16/2026,,,,,
35,Senior Data Engineer,Senior DE,5/16/2026,Y,5/29/2026,,,
36,Senior Data Engineer,Senior DE,5/16/2026,,,,,
37,Senior Data Engineer,Senior DE,5/16/2026,Y,5/28/2026,,,
38,Senior Data Engineer,Senior DE,5/16/2026,Y,5/21/2026,,,
39,Senior Data Engineer,Senior DE,5/16/2026,,,,,
40,Senior Data Engineer,Senior DE,5/16/2026,,,,,
41,Senior Data Engineer,Senior DE,5/16/2026,,,,,
42,Senior Data Engineer,Senior DE,5/16/2026,,,,,
43,Senior Data Engineer,Senior DE,5/16/2026,,,,,
44,Senior Data Engineer,Senior DE,5/16/2026,,,,,
45,Senior Data Engineer,Senior DE,5/16/2026,,,,,
46,Senior Data Engineer,Senior DE,5/16/2026,,,,,
47,Senior Data Engineer,Senior DE,5/16/2026,,,,,
48,Senior Data Engineer,Senior DE,5/16/2026,Y,5/20/2026,Yes,Y,N
49,Senior Data Engineer,Senior DE,5/16/2026,,,,,
50,Senior Data Engineer,Senior DE,5/16/2026,,,,,
51,Senior Data Engineer,Senior DE,5/16/2026,,,,,
52,Senior Data Engineer,Senior DE,5/16/2026,,,,,
53,Senior Data Engineer,Senior DE,5/16/2026,,,,,
54,Senior Data Engineer,Senior DE,5/16/2026,Y,5/18/2026,,,
55,Senior Data Engineer,Senior DE,5/16/2026,,,,,
56,Senior Data Engineer,Senior DE,5/16/2026,,,,,
57,Senior Data Engineer,Senior DE,5/16/2026,Y,5/18/2026,Yes,Y,Y
58,Senior Data Engineer,Senior DE,5/16/2026,Y,5/18/2026,,,
59,Senior Data Engineer,Senior DE,5/16/2026,,,,,
60,Senior Data Engineer,Senior DE,5/16/2026,,,,,
61,Senior Data Engineer,Senior DE,5/16/2026,,,,,
62,Senior Data Engineer,Senior DE,,,,,,
63,Senior Data Engineer,Senior DE,5/16/2026,,,,,
64,Senior Data Engineer,Senior DE,5/16/2026,,,,,
65,Senior Data Engineer,Senior DE,5/16/2026,,,,,
66,Senior Data Engineer,Senior DE,5/16/2026,,,,,
67,Senior Data Engineer,Senior DE,5/17/2026,,,,,
68,Senior Data Engineer,Senior DE,5/17/2026,,,,,
69,Senior Data Engineer,Senior DE,5/17/2026,,,,,
70,Senior Data Engineer,Senior DE,5/17/2026,,,,,
71,Senior Data Engineer,Senior DE,5/17/2026,Y,5/18/2026,Yes,N,
72,Senior Data Engineer,Senior DE,5/17/2026,,,,,
73,Senior Data Engineer,Senior DE,5/17/2026,,,,,
74,Senior Data Engineer,Senior DE,5/17/2026,Y,5/18/2026,Yes,,
75,Senior Data Engineer,Senior DE,5/17/2026,,,,,
76,Senior Data Engineer,Senior DE,5/17/2026,,,,,
77,Senior Data Engineer,Senior DE,5/17/2026,,,,,
78,Senior Data Engineer,Senior DE,5/17/2026,,,,,
79,Senior Data Engineer,Senior DE,5/17/2026,,,,,
80,Senior Data Engineer,Senior DE,5/17/2026,,,,,
81,Senior Data Engineer,Senior DE,5/17/2026,,,,,
82,Senior Data Engineer,Senior DE,5/17/2026,,,,,
83,Senior Data Engineer,Senior DE,5/17/2026,,,,,
84,Senior Data Engineer,Senior DE,5/17/2026,,,,,
85,Senior Data Engineer,Senior DE,5/17/2026,Y,5/18/2026,,,
86,Senior Data Engineer,Senior DE,5/17/2026,Y,5/18/2026,Yes,,
87,Senior Data Engineer,Senior DE,5/17/2026,,,,,
88,Senior Data Engineer,Senior DE,5/17/2026,,,,,
89,Senior Data Engineer,Senior DE,5/17/2026,,,,,
90,Senior Data Engineer,Senior DE,5/17/2026,Y,5/26/2026,Yes,,
91,Senior Data Engineer,Senior DE,5/17/2026,,,,,
92,Senior Data Engineer,Senior DE,5/17/2026,,,,,
93,Senior Data Engineer,Senior DE,5/17/2026,,,,,
94,Senior Data Engineer,Senior DE,5/17/2026,,,,,
95,Senior Data Engineer,Senior DE,5/18/2026,Y,5/28/2026,,,
96,Senior Data Engineer,Senior DE,5/18/2026,,,,,
97,Senior Data Engineer,Senior DE,5/18/2026,,,,,
98,Senior Data Engineer,Senior DE,5/18/2026,,,,,
99,Senior Data Engineer,Senior DE,5/18/2026,Y,5/18/2026,,,
100,Senior Data Engineer,Senior DE,5/18/2026,,,,,
101,Analytics Engineer,Analytics,5/18/2026,,,,,
102,Analytics Engineer,Analytics,5/18/2026,,,,,
103,Analytics Engineer,Analytics,5/18/2026,,,,,
104,Analytics Engineer,Analytics,5/18/2026,Y,5/18/2026,,,
105,Analytics Engineer,Analytics,5/18/2026,,,,,
106,Analytics Engineer,Analytics,5/18/2026,,,,,
107,Analytics Engineer,Analytics,5/18/2026,Y,5/26/2026,,,
108,Analytics Engineer,Analytics,5/18/2026,,,,,
109,Analytics Engineer,Analytics,5/18/2026,,,,,
110,Analytics Engineer,Analytics,5/18/2026,,,,,
111,Analytics Engineer,Analytics,5/18/2026,,,,,
112,Analytics Engineer,Analytics,5/18/2026,Y,5/19/2026,,,
113,Analytics Engineer,Analytics,5/18/2026,,,,,
114,Analytics Engineer,Analytics,5/18/2026,,,,,
115,Analytics Engineer,Analytics,5/18/2026,,,,,
116,Analytics Engineer,Analytics,5/18/2026,,,,,
117,Analytics Engineer,Analytics,5/18/2026,,,,,
118,Analytics Engineer,Analytics,5/18/2026,,,,,
119,Analytics Engineer,Analytics,5/18/2026,Y,5/18/2026,Yes,N,
120,Analytics Engineer,Analytics,5/18/2026,,,,,
121,Analytics Engineer,Analytics,5/18/2026,Y,5/18/2026,Yes,,
122,Analytics Engineer,Analytics,5/18/2026,Y,5/18/2026,Yes,Y,Y
123,Analytics Engineer,Analytics,5/18/2026,,,,,
124,Analytics Engineer,Analytics,5/18/2026,,,,,
125,Analytics Engineer,Analytics,5/19/2026,Y,5/19/2026,Yes,Y,
126,Analytics Engineer,Analytics,5/19/2026,,,,,
127,Analytics Engineer,Analytics,5/19/2026,Y,5/19/2026,Yes,Y,
128,Analytics Engineer,Analytics,5/19/2026,,,,,
129,Analytics Engineer,Analytics,5/19/2026,,,,,
130,Analytics Engineer,Analytics,,,,,,
131,Analytics Engineer,Analytics,5/19/2026,Y,5/28/2026,,,
132,Analytics Engineer,Analytics,5/19/2026,Y,5/19/2026,,,
133,Analytics Engineer,Analytics,5/19/2026,,,,,
134,Analytics Engineer,Analytics,5/19/2026,,,,,
135,Analytics Engineer,Analytics,5/19/2026,Y,5/20/2026,Yes,Y,Y
136,Analytics Engineer,Analytics,5/19/2026,,,,,
137,Analytics Engineer,Analytics,5/19/2026,Y,5/20/2026,Yes,N,
138,Analytics Engineer,Analytics,5/19/2026,Y,5/28/2026,,,
139,Analytics Engineer,Analytics,5/19/2026,,,,,
140,Analytics Engineer,Analytics,5/19/2026,,,,,
141,Analytics Engineer,Analytics,5/19/2026,Y,5/19/2026,Yes,Y,Y
142,Analytics Engineer,Analytics,5/19/2026,,,,,
143,Analytics Engineer,Analytics,5/19/2026,,,,,
144,Analytics Engineer,Analytics,5/19/2026,,,,,
145,Analytics Engineer,Analytics,5/19/2026,,,,,
146,Analytics Engineer,Analytics,5/19/2026,,,,,
147,Analytics Engineer,Analytics,5/19/2026,,,,,
148,Analytics Engineer,Analytics,5/19/2026,,,,,
149,Analytics Engineer,Analytics,5/19/2026,Y,5/20/2026,,,
150,Analytics Engineer,Analytics,5/19/2026,,,,,
151,Jr. Data Engineer/ ML Engineer,Entry/Junior,5/19/2026,,,,,
152,Database Engineer,Entry/Junior,5/19/2026,Y,5/20/2026,,,
153,Associate Data Engineer,Entry/Junior,5/19/2026,Y,5/20/2026,,,
154,Senior Data Analytics Engineer,Entry/Junior,,,,,,
155,Data Analytics Engineer,Entry/Junior,5/19/2026,Y,5/19/2026,,,
156,Analytics Engineer Intern,Entry/Junior,5/19/2026,Y,5/19/2026,Yes,Y,Y
157,Database Engineer,Entry/Junior,5/20/2026,,,,,
158,Lead Analytics Engineer,Entry/Junior,5/20/2026,,,,,
159,Database Engineer/Business Analyst,Entry/Junior,5/20/2026,,,,,
160,Senior Analytics Engineer,Entry/Junior,5/20/2026,Y,5/20/2026,,,
161,Senior Manufacturing Database and Data Analytics Engineer,Entry/Junior,5/20/2026,,,,,
162,Analytics Engineer,Analytics,5/20/2026,,,,,
163,Sr. AI and Analytics Engineer,Entry/Junior,5/20/2026,,,,,
164,Lead Analytics Engineer,Entry/Junior,5/20/2026,,,,,
165,Senior Database Engineer,Entry/Junior,5/20/2026,,,,,
166,Senior Analytics Engineer,Entry/Junior,5/20/2026,,,,,
167,Data platform engineer,Entry/Junior,5/20/2026,,,,,
168,"Senior Software Engineer/Architect, Programmer Consultant, and Data Engineer",Entry/Junior,5/20/2026,,,,,
169,Database Engineer II,Entry/Junior,5/20/2026,,,,,
170,Data Engineer,Entry/Junior,5/20/2026,,,,,
171,Database Engineer,Entry/Junior,5/20/2026,,,,,
172,Analytics Engineer EDGE,Entry/Junior,5/20/2026,Y,5/20/2026,Yes,Y,
173,Analytics Engineer / Data Engineer,Entry/Junior,5/20/2026,,,,,
174,Senior Software Engineer / Data Architect,Entry/Junior,5/20/2026,,,,,
175,Senior Analytics Engineer,Entry/Junior,5/20/2026,Y,5/26/2026,,,
176,Analytics Engineer,Analytics,,,,,,
177,Analytics Engineer,Analytics,5/20/2026,,,,,
178,CornerStone Information Systems: Senior Analytics Engineer- Data Extraction and Warehousing,Entry/Junior,5/20/2026,,,,,
179,Database Engineer,Entry/Junior,5/20/2026,,,,,
180,Analytics Engineer,Analytics,5/20/2026,,,,,
181,Data Engineer/ Software Engineer,Entry/Junior,,,,,,
182,Cloud database Engineer,Entry/Junior,5/20/2026,,,,,
183,"Data Scientist/Data Engineer/AI Engineer, Medical VR Simulation",Entry/Junior,5/20/2026,Y,5/20/2026,,,
184,Data Analytics Engineer,Entry/Junior,5/20/2026,,,,,
185,Sr. Analytics Engineer,Entry/Junior,5/20/2026,,,,,
186,Database Engineer,Entry/Junior,5/20/2026,,,,,
187,Senior Data Analytics Engineer,Entry/Junior,5/20/2026,Y,5/20/2026,,,
188,Staff Analytics Engineer,Entry/Junior,,,,,,
189,Data Architect/Engineer,Entry/Junior,5/20/2026,,,,,
190,Senior Technical Database Engineer,Entry/Junior,5/21/2026,,,,,
191,Data Analytics Engineer,Entry/Junior,5/21/2026,,,,,
192,Platform Analytics Engineer,Entry/Junior,5/21/2026,,,,,
193,Staff Analytics Engineer,Entry/Junior,5/21/2026,,,,,
194,Analytics Engineer,Analytics,5/21/2026,,,,,
195,DevOp Engineer  / Data Engineer,Entry/Junior,5/21/2026,,,,,
196,Associate Data Engineer,Entry/Junior,5/21/2026,Y,5/21/2026,Yes,Y,
197,Senior Data Engineer/Architect,Entry/Junior,5/21/2026,,,,,
198,Junior Data Engineer,Entry/Junior,5/21/2026,,,,,
199,Sr. Database Engineer,Entry/Junior,5/21/2026,,,,,
200,Sr. Data Platform Engineer,Entry/Junior,5/21/2026,,,,,